{
    "E.1": {
        "MinRentingDays": 1893
    },
    "E.2": {
        "ContainerDailyCost": 0.540864,
        "4RPisDailyCostIdle": 0.07200000000000001,
        "4RPisDailyCostComputing": 0.096,
        "MinRentingDaysIdleRPiPower": 926,
        "MinRentingDaysComputingRPiPower": 976
    },
    "E.3": {
        "NbRPisEqBuyingICCM7": 355,
        "RatioRAMRPisVsICCM7": 1.8489583333333333,
        "RatioComputeRPisVsICCM7": 3.169642857142857
    }
}